Date,XLE,XLK
2020-01-02,47.41817092895508,88.83304595947266
2020-01-03,47.277278900146484,87.83428192138672
2020-01-06,47.64515686035156,88.04356384277344
2020-01-07,47.51992416381836,88.00550079345703
2020-01-08,46.737186431884766,88.94720458984375
2020-01-09,47.081600189208984,89.9554672241211
2020-01-10,46.81545639038086,89.74618530273438
2020-01-13,46.83111572265625,90.8686294555664
2020-01-14,46.838951110839844,90.44058227539062
2020-01-15,46.49454879760742,90.54522705078125
2020-01-16,46.57280349731445,91.76274108886719
2020-01-17,46.275367736816406,92.38102722167969
2020-01-21,45.445674896240234,92.34297180175781
2020-01-22,45.00733184814453,92.6759262084961
2020-01-23,44.83513259887695,93.11347961425781
2020-01-24,44.31853485107422,92.6759262084961
2020-01-27,43.08963394165039,90.46910858154297
2020-01-28,43.28532409667969,92.20032501220703
2020-01-29,42.831329345703125,92.4381103515625
2020-01-30,43.17573547363281,93.23713684082031
2020-01-31,41.829429626464844,90.67839813232422
2020-02-03,41.28151321411133,91.87689971923828
2020-02-04,41.43022918701172,94.28343200683594
2020-02-05,42.98786544799805,94.83515167236328
2020-02-06,42.5495491027832,95.70074462890625
2020-02-07,42.252105712890625,94.8256607055664
2020-02-10,42.040775299072266,96.10977172851562
2020-02-11,42.51041030883789,95.7863540649414
2020-02-12,43.08181381225586,96.82316589355469
2020-02-13,42.9487419128418,96.56633758544922
2020-02-14,42.72175216674805,96.9848861694336
2020-02-18,42.369529724121094,96.62340545654297
2020-02-19,42.93309020996094,97.77438354492188
2020-02-20,42.88612747192383,96.75658416748047
2020-02-21,42.37734603881836,94.58784484863281
2020-02-24,40.42051315307617,90.67839813232422
2020-02-25,38.635860443115234,87.77721405029297
2020-02-26,37.46959686279297,88.1767349243164
2020-02-27,35.46578598022461,83.4206771850586
2020-02-28,35.4344596862793,84.0580062866211
2020-03-02,36.866878509521484,88.91865539550781
2020-03-03,35.73974609375,85.54187774658203
2020-03-04,36.58509826660156,89.21353149414062
2020-03-05,35.246620178222656,86.39798736572266
2020-03-06,33.26628494262695,84.57167053222656
2020-03-09,26.566070556640625,78.15101623535156
2020-03-10,27.82627296447754,83.36360931396484
2020-03-11,26.354734420776367,79.42562866210938
2020-03-12,23.067237854003906,71.6733169555664
2020-03-13,25.1962833404541,80.08195495605469
2020-03-16,21.76789665222168,69.01943969726562
2020-03-17,21.91661834716797,73.71839141845703
2020-03-18,18.770015716552734,70.94087982177734
2020-03-19,20.045879364013672,71.19768524169922
2020-03-20,20.241561889648438,67.93505859375
2020-03-23,18.861928939819336,67.31452178955078
2020-03-24,21.886878967285156,74.2085189819336
2020-03-25,22.919198989868164,74.1129150390625
2020-03-26,24.319644927978516,78.70252990722656
2020-03-27,22.67112159729004,75.14557647705078
2020-03-30,22.9032039642334,78.31047058105469
2020-03-31,23.255308151245117,76.84754943847656
2020-04-01,22.102949142456055,73.18540954589844
2020-04-02,24.127582550048828,74.89696502685547
2020-04-03,23.87150001525879,73.73999786376953
2020-04-06,25.135894775390625,80.03160858154297
2020-04-07,25.672067642211914,79.31449890136719
2020-04-08,27.38460922241211,81.44672393798828
2020-04-09,27.13652229309082,81.46586608886719
2020-04-13,27.048500061035156,81.64752960205078
2020-04-14,26.92045783996582,85.07061767578125
2020-04-15,25.656064987182617,83.21566772460938
2020-04-16,24.559717178344727,84.22920989990234
2020-04-17,27.168533325195312,85.34793090820312
2020-04-20,26.320274353027344,83.9805908203125
2020-04-21,25.856121063232422,80.4618911743164
2020-04-22,26.776418685913086,83.55986785888672
2020-04-23,27.64069175720215,82.98616790771484
2020-04-24,27.70470428466797,84.74552154541016
2020-04-27,28.304899215698242,85.47221374511719
2020-04-28,28.953100204467773,84.33439636230469
2020-04-29,31.0977725982666,87.79570770263672
2020-04-30,30.4095516204834,87.4036865234375
2020-05-01,28.689022064208984,85.00370788574219
2020-05-04,29.68132781982422,86.13196563720703
2020-05-05,29.70532989501953,87.31763458251953
2020-05-06,28.929092407226562,87.99649810791016
2020-05-07,29.68132781982422,89.3160400390625
2020-05-08,31.033748626708984,90.6259765625
2020-05-11,30.489574432373047,91.2283935546875
2020-05-12,29.953420639038086,89.3447494506836
2020-05-13,28.592988967895508,87.8052978515625
2020-05-14,28.913082122802734,88.92400360107422
2020-05-15,28.801050186157227,89.37342071533203
2020-05-18,31.153799057006836,91.56304931640625
2020-05-19,30.281517028808594,91.2283935546875
2020-05-20,31.489896774291992,93.22676849365234
2020-05-21,30.985733032226562,91.9263916015625
2020-05-22,30.79367446899414,92.26106262207031
2020-05-26,31.649946212768555,92.1654281616211
2020-05-27,32.058074951171875,92.69132232666016
2020-05-28,31.161792755126953,92.50965118408203
2020-05-29,31.01774787902832,93.67617797851562
2020-06-01,31.561914443969727,93.64749908447266
2020-06-02,32.442195892333984,94.52717590332031
2020-06-03,33.394493103027344,95.263427734375
2020-06-04,33.40249252319336,94.47933959960938
2020-06-05,35.88327407836914,96.96540832519531
2020-06-08,37.49978256225586,97.45304107666016
2020-06-09,36.091339111328125,97.91201782226562
2020-06-10,34.314788818359375,99.54708099365234
2020-06-11,31.081768035888672,93.83872985839844
2020-06-12,31.866010665893555,95.0530776977539
2020-06-15,31.962047576904297,95.97099304199219
2020-06-16,32.8823356628418,98.01719665527344
2020-06-17,31.76198959350586,97.99807739257812
2020-06-18,32.15411376953125,98.43791198730469
2020-06-19,31.665950775146484,97.75902557373047
2020-06-22,31.81265640258789,99.60089111328125
2020-06-23,31.845073699951172,100.31999969482422
2020-06-24,30.07815170288086,98.0572280883789
2020-06-25,30.653621673583984,99.3132553100586
2020-06-26,29.591842651367188,97.35729217529297
2020-06-29,29.98899269104004,98.42156982421875
2020-06-30,30.67793083190918,100.18577575683594
2020-07-01,29.932262420654297,100.34876251220703
2020-07-02,30.26457405090332,100.93363952636719
2020-07-06,30.353740692138672,102.69786071777344
2020-07-07,29.38922119140625,101.62397766113281
2020-07-08,29.364900588989258,103.28271484375
2020-07-09,27.914081573486328,103.65665435791016
2020-07-10,28.805648803710938,103.62789916992188
2020-07-13,28.651647567749023,101.48014831542969
2020-07-14,29.656688690185547,102.64989471435547
2020-07-15,30.297000885009766,103.2060317993164
2020-07-16,30.15920066833496,101.93082427978516
2020-07-17,29.73773765563965,102.42938995361328
2020-07-20,29.243328094482422,105.04692077636719
2020-07-21,31.0102481842041,103.99223327636719
2020-07-22,30.62931251525879,104.82640075683594
2020-07-23,30.572561264038086,102.10337829589844
2020-07-24,30.402360916137695,100.86650085449219
2020-07-27,30.43477439880371,102.45813751220703
2020-07-28,29.916053771972656,101.25963592529297
2020-07-29,30.540151596069336,102.72661590576172
2020-07-30,29.340591430664062,103.30189514160156
2020-07-31,29.202802658081055,105.8810806274414
2020-08-03,29.30816650390625,108.48905944824219
2020-08-04,30.021411895751953,108.76708984375
2020-08-05,30.337526321411133,109.1697998046875
2020-08-06,30.0943660736084,110.7038803100586
2020-08-07,30.134891510009766,109.05473327636719
2020-08-10,31.066984176635742,108.7479248046875
2020-08-11,30.961620330810547,106.79196166992188
2020-08-12,31.26961898803711,109.21772766113281
2020-08-13,30.66172981262207,109.26568603515625
2020-08-14,30.953514099121094,109.18898010253906
2020-08-17,30.77519416809082,109.91766357421875
2020-08-18,30.386157989501953,110.3299560546875
2020-08-19,30.037630081176758,110.19573211669922
2020-08-20,29.38922119140625,111.6626968383789
2020-08-21,29.202802658081055,113.08172607421875
2020-08-24,30.005210876464844,114.0597152709961
2020-08-25,29.583738327026367,114.63500213623047
2020-08-26,28.95964813232422,116.96491241455078
2020-08-27,29.016382217407227,117.060791015625
2020-08-28,29.535104751586914,118.08670043945312
2020-08-31,28.894805908203125,118.46063995361328
2020-09-01,28.70028305053711,120.72344207763672
2020-09-02,28.5625,121.79729461669922
2020-09-03,28.35175895690918,114.85552215576172
2020-09-04,28.262605667114258,113.25431060791016
2020-09-08,27.233253479003906,108.1343002319336
2020-09-09,27.4196720123291,111.6626968383789
2020-09-10,26.414636611938477,109.14102935791016
2020-09-11,26.43895149230957,108.30687713623047
2020-09-14,26.641582489013672,110.57923889160156
2020-09-15,26.447057723999023,111.67230224609375
2020-09-16,27.508827209472656,109.9464340209961
2020-09-17,27.549352645874023,109.03555297851562
2020-09-18,27.241357803344727,107.15631103515625
2020-09-21,26.338420867919922,108.04707336425781
2020-09-22,26.06654930114746,109.75755310058594
2020-09-23,24.88844871520996,106.33663177490234
2020-09-24,24.880207061767578,106.93238830566406
2020-09-25,24.863733291625977,109.48846435546875
2020-09-28,25.44866371154785,111.58332061767578
2020-09-29,24.748394012451172,111.20854949951172
2020-09-30,24.674253463745117,112.14065551757812
2020-10-01,23.91630744934082,113.32258605957031
2020-10-02,24.146984100341797,110.44942474365234
2020-10-05,24.871973037719727,112.87094116210938
2020-10-06,24.50123405456543,111.12206268310547
2020-10-07,24.847257614135742,113.15924072265625
2020-10-08,25.77820587158203,113.74539947509766
2020-10-09,25.36627960205078,115.48468780517578
2020-10-12,25.432188034057617,118.63655853271484
2020-10-13,25.036741256713867,117.87743377685547
2020-10-14,25.143842697143555,117.2528076171875
2020-10-15,25.44866371154785,116.72428894042969
2020-10-16,24.871973037719727,116.38797760009766
2020-10-19,24.344703674316406,114.25469970703125
2020-10-20,24.633054733276367,114.64866638183594
2020-10-21,24.163463592529297,114.47570037841797
2020-10-22,25.160320281982422,113.93758392333984
2020-10-23,25.036741256713867,113.81267547607422
2020-10-26,24.13874626159668,111.34306335449219
2020-10-27,23.825685501098633,111.90042114257812
2020-10-28,22.82883071899414,107.1534423828125
2020-10-29,23.529102325439453,108.94074249267578
2020-10-30,23.660911560058594,106.52882385253906
2020-11-02,24.46828842163086,106.7978744506836
2020-11-03,24.328235626220703,108.68128967285156
2020-11-04,24.361188888549805,112.90939331054688
2020-11-05,24.361188888549805,116.41679382324219
2020-11-06,23.833919525146484,116.82998657226562
2020-11-09,27.236417770385742,115.98436737060547
2020-11-10,28.117931365966797,113.82228088378906
2020-11-11,27.829587936401367,116.52249908447266
2020-11-12,26.93159294128418,115.48468780517578
2020-11-13,27.911970138549805,116.46483612060547
2020-11-16,29.749155044555664,117.58912658691406
2020-11-17,30.053970336914062,116.9356918334961
2020-11-18,29.180688858032227,115.6865005493164
2020-11-19,29.65852928161621,116.61859130859375
2020-11-20,29.50200080871582,115.41741180419922
2020-11-23,31.586334228515625,115.38860321044922
2020-11-24,33.20930862426758,116.99335479736328
2020-11-25,32.43489456176758,117.24319458007812
2020-11-27,32.05592727661133,117.86781311035156
2020-11-30,30.284648895263672,118.65576171875
2020-12-01,30.424705505371094,120.17401885986328
2020-12-02,31.413328170776367,119.991455078125
2020-12-03,31.74286460876465,119.91458892822266
2020-12-04,33.47294235229492,121.11575317382812
2020-12-07,32.69029235839844,121.46168518066406
2020-12-08,33.17636489868164,121.85564422607422
2020-12-09,33.25050354003906,119.5206069946289
2020-12-10,34.27207946777344,119.69357299804688
2020-12-11,33.87663269042969,119.44373321533203
2020-12-14,32.69029235839844,119.87612915039062
2020-12-15,33.3328857421875,121.8748779296875
2020-12-16,33.16811752319336,122.70127868652344
2020-12-17,33.01158905029297,123.67181396484375
2020-12-18,32.459617614746094,123.23941040039062
2020-12-21,31.833465576171875,123.36268615722656
2020-12-22,31.299148559570312,124.43180847167969
2020-12-23,31.992082595825195,123.48789978027344
2020-12-24,31.825111389160156,124.30661010742188
2020-12-28,31.62474250793457,125.71279907226562
2020-12-29,31.416032791137695,125.11563110351562
2020-12-30,31.908605575561523,125.0482406616211
2020-12-31,31.641443252563477,125.23123168945312
2021-01-04,31.6915340423584,123.18931579589844
2021-01-05,33.11080551147461,123.98873901367188
2021-01-06,34.12099838256836,121.85050964355469
2021-01-07,34.621917724609375,125.1349105834961
2021-01-08,34.58017349243164,125.94397735595703
2021-01-11,35.122840881347656,124.9037857055664
2021-01-12,36.35009002685547,124.30661010742188
2021-01-13,36.066226959228516,125.09640502929688
2021-01-14,37.13486099243164,123.99838256835938
2021-01-15,35.690547943115234,122.72699737548828
2021-01-19,36.40852737426758,124.32586669921875
2021-01-20,36.5421142578125,126.79158782958984
2021-01-21,35.3065071105957,128.42897033691406
2021-01-22,35.122840881347656,127.937744140625
2021-01-25,34.76383972167969,129.00686645507812
2021-01-26,34.020809173583984,129.0935516357422
2021-01-27,33.56163787841797,126.65673828125
2021-01-28,33.954017639160156,127.17684173583984
2021-01-29,32.82695770263672,124.18138885498047
2021-02-01,33.06071090698242,127.29241943359375
2021-02-02,33.419708251953125,129.0164794921875
2021-02-03,34.84733581542969,128.5734405517578
2021-02-04,35.23137664794922,130.62498474121094
2021-02-05,35.53192138671875,130.3360137939453
2021-02-08,37.017982482910156,131.70375061035156
2021-02-09,36.6255989074707,131.54962158203125
2021-02-10,37.32688522338867,131.35702514648438
2021-02-11,36.750823974609375,132.80174255371094
2021-02-12,37.293479919433594,133.485595703125
2021-02-16,38.228538513183594,133.05221557617188
2021-02-17,38.79624938964844,131.87713623046875
2021-02-18,37.91963195800781,131.23178100585938
2021-02-19,38.554134368896484,131.0391082763672
2021-02-22,39.889923095703125,128.14964294433594
2021-02-23,40.54946517944336,127.79325103759766
2021-02-24,41.98543930053711,129.7484893798828
2021-02-25,41.175621032714844,125.21195983886719
2021-02-26,40.198829650878906,125.87657928466797
2021-03-01,41.242408752441406,129.93148803710938
2021-03-02,41.016998291015625,127.87031555175781
2021-03-03,41.61809539794922,124.65333557128906
2021-03-04,42.6115837097168,121.898681640625
2021-03-05,44.206180572509766,124.20063781738281
2021-03-08,44.289669036865234,121.1955795288086
2021-03-09,43.513240814208984,125.31793975830078
2021-03-10,44.61526870727539,124.81706237792969
2021-03-11,44.631961822509766,127.48503875732422
2021-03-12,44.723793029785156,126.5700454711914
2021-03-15,44.21452713012695,127.9184799194336
2021-03-16,42.95389175415039,128.8816375732422
2021-03-17,43.28782653808594,128.77569580078125
2021-03-18,41.342586517333984,125.20234680175781
2021-03-19,41.35093307495117,124.82669830322266
2021-03-22,40.95439147949219,127.28121185302734
2021-03-23,40.355342864990234,126.48973083496094
2021-03-24,41.36781692504883,124.955078125
2021-03-25,41.519691467285156,124.87789154052734
2021-03-26,42.54902267456055,128.05337524414062
2021-03-29,42.04279327392578,127.38740539550781
2021-03-30,41.68000030517578,126.18083953857422
2021-03-31,41.39312744140625,128.18850708007812
2021-04-01,42.44778060913086,130.7655792236328
2021-04-05,41.4353141784668,133.46815490722656
2021-04-06,41.32562255859375,132.89869689941406
2021-04-07,41.46906661987305,133.60328674316406
2021-04-08,40.929073333740234,135.53370666503906
2021-04-09,40.65907287597656,136.83670043945312
2021-04-12,40.33847427368164,136.1803436279297
2021-04-13,40.380653381347656,137.46409606933594
2021-04-14,41.50279998779297,136.0066680908203
2021-04-15,41.165321350097656,138.34243774414062
2021-04-16,40.836273193359375,138.3134765625
2021-04-19,40.794090270996094,137.16488647460938
2021-04-20,39.71411895751953,135.94876098632812
2021-04-21,40.22034454345703,137.31932067871094
2021-04-22,39.747859954833984,135.70742797851562
2021-04-23,40.11066818237305,137.73434448242188
2021-04-26,40.380653381347656,138.43893432617188
2021-04-27,40.87001419067383,138.10113525390625
2021-04-28,42.27903366088867,136.8173828125
2021-04-29,42.75151824951172,136.70159912109375
2021-04-30,41.67155838012695,134.83876037597656
2021-05-03,42.819026947021484,134.4622802734375
2021-05-04,42.84433364868164,132.04930114746094
2021-05-05,44.2280387878418,131.73077392578125
2021-05-06,44.45583724975586,133.0531463623047
2021-05-07,45.24894332885742,134.1920623779297
2021-05-10,45.26582336425781,130.80419921875
2021-05-11,44.10148239135742,130.40846252441406
2021-05-12,44.31241226196289,126.74070739746094
2021-05-13,43.772438049316406,128.420166015625
2021-05-14,45.130821228027344,131.2481689453125
2021-05-17,46.17704391479492,130.28298950195312
2021-05-18,45.10551071166992,129.2405548095703
2021-05-19,43.98335647583008,129.69419860839844
2021-05-20,43.91585922241211,132.1747589111328
2021-05-21,44.008670806884766,131.45091247558594
2021-05-24,44.447410583496094,133.7866973876953
2021-05-25,43.54462432861328,133.8252716064453
2021-05-26,43.932743072509766,133.81561279296875
2021-05-27,43.96648406982422,133.11102294921875
2021-05-28,44.05085372924805,133.58396911621094
2021-06-01,45.74673843383789,132.9276580810547
2021-06-02,46.59890365600586,133.84458923339844
2021-06-03,46.725467681884766,132.5994873046875
2021-06-04,47.03763198852539,135.14756774902344
2021-06-07,46.835147857666016,135.11865234375
2021-06-08,47.24013137817383,135.12828063964844
2021-06-09,46.944828033447266,135.22483825683594
2021-06-10,46.885780334472656,136.218994140625
2021-06-11,46.725467681884766,137.02975463867188
2021-06-14,46.52296447753906,138.419677734375
2021-06-15,47.40888595581055,137.57029724121094
2021-06-16,47.155765533447266,136.82705688476562
2021-06-17,45.55268478393555,138.41000366210938
2021-06-18,44.202728271484375,137.14556884765625
2021-06-21,46.08642578125,138.6154022216797
2021-06-22,46.39326095581055,139.87242126464844
2021-06-23,46.521121978759766,139.7177276611328
2021-06-24,46.921722412109375,140.59765625
2021-06-25,47.16889953613281,140.43331909179688
2021-06-28,45.57500457763672,141.90306091308594
2021-06-29,45.35340118408203,142.937744140625
2021-06-30,45.91595458984375,142.7830047607422
2021-07-01,46.71714782714844,143.02474975585938
2021-07-02,46.61487579345703,144.91036987304688
2021-07-06,45.09769821166992,145.46153259277344
2021-07-07,44.36467742919922,146.2544403076172
2021-07-08,44.108970642089844,144.87167358398438
2021-07-09,45.04655456542969,146.20608520507812
2021-07-12,44.978363037109375,146.3221435546875
2021-07-13,44.637428283691406,146.92166137695312
2021-07-14,43.307769775390625,148.0046844482422
2021-07-15,42.702598571777344,146.78631591796875
2021-07-16,41.49225997924805,145.33583068847656
2021-07-19,40.02622985839844,143.33421325683594
2021-07-20,40.56320571899414,145.46153259277344
2021-07-21,41.97809600830078,146.8636474609375
2021-07-22,41.50931167602539,147.9466552734375
2021-07-23,41.35588073730469,149.41644287109375
2021-07-26,42.37870788574219,149.33909606933594
2021-07-27,41.98662567138672,147.9273223876953
2021-07-28,42.370182037353516,147.74356079101562
2021-07-29,42.77931213378906,148.4301300048828
2021-07-30,42.097434997558594,148.3334503173828
2021-08-02,41.78206253051758,147.8015899658203
2021-08-03,42.4980354309082,148.74925231933594
2021-08-04,41.34736633300781,149.04898071289062
2021-08-05,41.81615447998047,149.87095642089844
2021-08-06,42.199710845947266,149.7451934814453
2021-08-09,41.603065490722656,149.26174926757812
2021-08-10,42.33608627319336,148.1884307861328
2021-08-11,42.66851043701172,148.2077178955078
2021-08-12,42.625885009765625,149.05868530273438
2021-08-13,42.12299728393555,149.87095642089844
2021-08-16,41.34736633300781,150.54782104492188
2021-08-17,40.92118835449219,149.30039978027344
2021-08-18,40.068843841552734,147.24073791503906
2021-08-19,39.02898025512695,148.68154907226562
2021-08-20,39.11421585083008,150.59616088867188
2021-08-23,40.58026123046875,152.53976440429688
2021-08-24,41.25361251831055,152.36573791503906
2021-08-25,41.568973541259766,152.27867126464844
2021-08-26,40.938236236572266,151.32139587402344
2021-08-27,42.02924346923828,152.781494140625
2021-08-30,41.53488540649414,154.42532348632812
2021-08-31,41.25361251831055,153.61309814453125
2021-09-01,40.6484489440918,153.65176391601562
2021-09-02,41.679779052734375,153.4874267578125
2021-09-03,41.44111633300781,154.0965576171875
2021-09-07,41.19394302368164,154.13525390625
2021-09-08,40.665489196777344,153.54541015625
2021-09-09,40.750728607177734,152.96522521972656
2021-09-10,40.733673095703125,151.45677185058594
2021-09-13,41.90139389038086,151.505126953125
2021-09-14,41.29623031616211,151.31170654296875
2021-09-15,42.838966369628906,152.636474609375
2021-09-16,42.35313034057617,152.72348022460938
2021-09-17,42.03776168823242,150.34474182128906
2021-09-20,40.754058837890625,147.60626220703125
2021-09-21,40.848960876464844,147.66441345214844
2021-09-22,42.10850524902344,149.68894958496094
2021-09-23,43.58372497558594,151.694091796875
2021-09-24,43.91156005859375,151.80064392089844
2021-09-27,45.473045349121094,150.32827758789062
2021-09-28,45.62833786010742,145.87237548828125
2021-09-29,45.62833786010742,145.68832397460938
2021-09-30,44.938175201416016,144.64218139648438
2021-10-01,46.44790267944336,146.82171630859375
2021-10-04,47.20708084106445,143.421630859375
2021-10-05,47.483150482177734,145.46551513671875
2021-10-06,46.9827766418457,146.41482543945312
2021-10-07,47.345123291015625,147.75161743164062
2021-10-08,48.803077697753906,147.19947814941406
2021-10-11,48.62191390991211,146.3857421875
2021-10-12,48.6650505065918,145.63021850585938
2021-10-13,48.62191390991211,146.52139282226562
2021-10-14,49.2171745300293,149.82455444335938
2021-10-15,49.45873260498047,151.02572631835938
2021-10-18,49.49323654174805,152.30433654785156
2021-10-19,50.05400466918945,153.81549072265625
2021-10-20,50.45946502685547,153.38925170898438
2021-10-21,49.52775192260742,153.98016357421875
2021-10-22,49.99360656738281,153.44740295410156
2021-10-25,50.726905822753906,153.95111083984375
2021-10-26,51.020225524902344,154.3870086669922
2021-10-27,49.55363082885742,154.25137329101562
2021-10-28,49.90734100341797,155.80123901367188
2021-10-29,49.57950973510742,156.46966552734375
2021-11-01,50.43358612060547,156.23716735839844
2021-11-02,49.959102630615234,157.6126708984375
2021-11-03,49.54499816894531,158.5329132080078
2021-11-04,49.614017486572266,161.01271057128906
2021-11-05,50.26104736328125,161.8457794189453
2021-11-08,50.71827697753906,162.7176055908203
2021-11-09,50.925331115722656,162.04917907714844
2021-11-10,49.57950973510742,159.3756561279297
2021-11-11,49.76930618286133,160.12156677246094
2021-11-12,49.64853286743164,162.0685577392578
2021-11-15,50.06262969970703,161.90390014648438
2021-11-16,50.1402702331543,163.60877990722656
2021-11-17,49.37247085571289,163.11473083496094
2021-11-18,49.07914352416992,164.74212646484375
2021-11-19,47.16394805908203,165.9432830810547
2021-11-22,48.000762939453125,164.09310913085938
2021-11-23,49.47599411010742,163.71531677246094
2021-11-24,49.959102630615234,164.9068145751953
2021-11-26,47.94900894165039,160.7899169921875
2021-11-29,48.225074768066406,164.8098907470703
2021-11-30,47.094932556152344,163.4344024658203
2021-12-01,46.59456253051758,161.19674682617188
2021-12-02,47.94900894165039,162.6788330078125
2021-12-03,47.56940841674805,159.95687866210938
2021-12-06,48.276832580566406,161.47767639160156
2021-12-07,49.40697479248047,167.11538696289062
2021-12-08,49.398345947265625,167.880615234375
2021-12-09,49.01875305175781,166.0691680908203
2021-12-10,49.3810920715332,169.4014129638672
2021-12-13,48.0093994140625,166.88290405273438
2021-12-14,47.810970306396484,164.14157104492188
2021-12-15,47.578041076660156,168.49090576171875
2021-12-16,47.87998962402344,163.71531677246094
2021-12-17,46.90513229370117,162.62071228027344
2021-12-20,46.324005126953125,160.68650817871094
2021-12-21,47.643558502197266,164.75294494628906
2021-12-22,47.94941329956055,166.90744018554688
2021-12-23,47.97563552856445,167.83914184570312
2021-12-27,49.02427291870117,171.43968200683594
2021-12-28,48.98932647705078,170.5468292236328
2021-12-29,48.67473220825195,170.69241333007812
2021-12-30,48.37761688232422,169.56663513183594
2021-12-31,48.49995803833008,168.74169921875
2022-01-03,50.003013610839844,170.34304809570312
2022-01-04,51.7332878112793,168.53790283203125
2022-01-05,51.724544525146484,163.3554229736328
2022-01-06,52.878055572509766,162.53045654296875
2022-01-07,53.6033821105957,161.03587341308594
2022-01-10,53.43733596801758,161.06500244140625
2022-01-11,55.2549934387207,162.9962921142578
2022-01-12,55.35986328125,163.76300048828125
2022-01-13,55.0802116394043,159.52186584472656
2022-01-14,56.37355422973633,160.87088012695312
2022-01-18,56.60075378417969,157.00830078125
2022-01-19,56.190040588378906,154.81495666503906
2022-01-20,55.67445373535156,152.81570434570312
2022-01-21,54.57337188720703,149.778076171875
2022-01-24,54.940399169921875,150.55445861816406
2022-01-25,57.072654724121094,147.0703125
2022-01-26,56.97652053833008,147.93408203125
2022-01-27,57.59698486328125,146.91505432128906
2022-01-28,57.352298736572266,153.33975219726562
2022-01-31,57.605709075927734,157.19271850585938
2022-02-01,59.65930938720703,157.6002960205078
2022-02-02,59.8515739440918,158.8813934326172
2022-02-03,59.28354263305664,154.27146911621094
2022-02-04,60.2098503112793,154.8926239013672
2022-02-07,60.97885513305664,153.8638458251953
2022-02-08,59.66804885864258,155.7660369873047
2022-02-09,60.16614532470703,159.2210693359375
2022-02-10,59.790401458740234,155.0575714111328
2022-02-11,61.5294075012207,150.32150268554688
2022-02-14,60.07877731323242,150.27301025390625
2022-02-15,59.4495849609375,154.2229461669922
2022-02-16,59.93022918701172,154.06764221191406
2022-02-17,59.83409881591797,149.45774841308594
2022-02-18,59.46706771850586,147.9437713623047
2022-02-22,58.505802154541016,146.57533264160156
2022-02-23,59.108768463134766,142.90682983398438
2022-02-24,58.645626068115234,147.78851318359375
2022-02-25,60.19237518310547,149.79745483398438
2022-02-28,61.67796325683594,149.5257110595703
2022-03-01,62.29841232299805,146.53656005859375
2022-03-02,63.72282028198242,149.71006774902344
2022-03-03,63.89760208129883,147.9243621826172
2022-03-04,65.7414779663086,145.33311462402344
2022-03-07,66.71146392822266,140.01475524902344
2022-03-08,67.76013946533203,139.3354034423828
2022-03-09,65.68901824951172,144.8478546142578
2022-03-10,67.6989517211914,142.31483459472656
2022-03-11,67.15715026855469,139.81094360351562
2022-03-14,65.14725494384766,137.21969604492188
2022-03-15,62.761558532714844,141.82960510253906
2022-03-16,62.47317886352539,146.4394989013672
2022-03-17,64.62291717529297,147.47796630859375
2022-03-18,64.5617446899414,150.49620056152344
2022-03-21,67.16431427001953,150.2103729248047
2022-03-22,66.67027282714844,152.36883544921875
2022-03-23,67.81717681884766,150.025634765625
2022-03-24,67.98480224609375,153.92454528808594
2022-03-25,69.47577667236328,153.8370361328125
2022-03-28,67.75543212890625,155.66494750976562
2022-03-29,67.5789794921875,158.97076416015625
2022-03-30,68.3641586303711,156.8511505126953
2022-03-31,67.43782043457031,154.52737426757812
2022-04-01,67.98480224609375,154.07041931152344
2022-04-04,68.0730209350586,156.9969940185547
2022-04-05,67.0055160522461,153.691162109375
2022-04-06,67.40253448486328,150.05484008789062
2022-04-07,68.28477478027344,150.28814697265625
2022-04-08,70.16390991210938,148.18797302246094
2022-04-11,68.05537414550781,144.45437622070312
2022-04-12,69.18463897705078,143.8126220703125
2022-04-13,70.21685028076172,146.12669372558594
2022-04-14,70.44623565673828,142.5778045654297
2022-04-18,71.47843170166016,143.04449462890625
2022-04-19,70.89617156982422,145.7280731201172
2022-04-20,71.16964721679688,145.59193420410156
2022-04-21,68.91114044189453,143.12229919433594
2022-04-22,67.22608184814453,139.1164093017578
2022-04-25,65.00285339355469,141.20689392089844
2022-04-26,65.09107971191406,135.9467315673828
2022-04-27,66.04389190673828,137.95938110351562
2022-04-28,68.04655456542969,143.48204040527344
2022-04-29,66.29974365234375,137.50241088867188
2022-05-02,67.35841369628906,139.59288024902344
2022-05-03,69.24639129638672,139.8359375
2022-05-04,72.12247467041016,144.74603271484375
2022-05-05,71.03731536865234,137.7843780517578
2022-05-06,73.1546859741211,136.6759796142578
2022-05-09,67.1025619506836,131.38665771484375
2022-05-10,67.71131896972656,133.38958740234375
2022-05-11,68.62001037597656,129.17953491210938
2022-05-12,68.91114044189453,127.84750366210938
2022-05-13,71.26670837402344,132.096435546875
2022-05-16,73.14586639404297,130.9296875
2022-05-17,73.99280548095703,134.72166442871094
2022-05-18,72.09600067138672,128.5572509765625
2022-05-19,71.8313217163086,127.14745330810547
2022-05-20,72.14009857177734,127.42941284179688
2022-05-23,74.04573822021484,130.3560333251953
2022-05-24,74.32804107666016,128.42111206054688
2022-05-25,75.8631362915039,129.9185028076172
2022-05-26,76.70125579833984,133.03956604003906
2022-05-27,78.10400390625,137.5413360595703
2022-05-31,76.93062591552734,136.55929565429688
2022-06-01,78.18341064453125,136.15089416503906
2022-06-02,77.93636322021484,139.44700622558594
2022-06-03,78.9686050415039,136.11203002929688
2022-06-06,78.88037872314453,136.12171936035156
2022-06-07,81.23593139648438,137.74549865722656
2022-06-08,81.41236877441406,136.18983459472656
2022-06-09,79.61260986328125,132.5534210205078
2022-06-10,78.26282501220703,127.4585952758789
2022-06-13,74.17808532714844,121.80951690673828
2022-06-14,74.31922912597656,122.57764434814453
2022-06-15,72.67826843261719,125.16395568847656
2022-06-16,68.58470916748047,120.06910705566406
2022-06-17,64.8352279663086,121.16780853271484
2022-06-21,68.19408416748047,124.25118255615234
2022-06-22,65.46418762207031,123.72476959228516
2022-06-23,63.03760528564453,125.57694244384766
2022-06-24,63.867279052734375,130.09036254882812
2022-06-27,65.74073028564453,129.21302795410156
2022-06-28,67.51605987548828,125.3429946899414
2022-06-29,65.16976928710938,125.596435546875
2022-06-30,63.795902252197266,123.91975402832031
2022-07-01,64.75048065185547,124.20244598388672
2022-07-05,62.18115234375,125.76215362548828
2022-07-06,61.11953353881836,126.8442153930664
2022-07-07,63.323089599609375,129.4664764404297
2022-07-08,63.296302795410156,129.52499389648438
2022-07-11,62.68968200683594,127.74107360839844
2022-07-12,61.46745681762695,125.9961166381836
2022-07-13,61.36932373046875,125.66468811035156
2022-07-14,60.20955276489258,126.81497192382812
2022-07-15,61.19089889526367,129.0473175048828
2022-07-18,62.5915412902832,127.799560546875
2022-07-19,64.51852416992188,131.6988525390625
2022-07-20,65.14299774169922,133.75570678710938
2022-07-21,64.00109100341797,135.63714599609375
2022-07-22,63.47473907470703,133.7654571533203
2022-07-25,65.80319213867188,132.91738891601562
2022-07-26,65.20545959472656,130.7629852294922
2022-07-27,66.6774673461914,136.38775634765625
2022-07-28,67.05216217041016,138.46412658691406
2022-07-29,69.96048736572266,140.58924865722656
2022-08-01,68.51526641845703,140.28707885742188
2022-08-02,68.35467529296875,139.292724609375
2022-08-03,66.39197540283203,142.99705505371094
2022-08-04,63.92972183227539,143.6501922607422
2022-08-05,65.19654083251953,143.31874084472656
2022-08-08,65.53555297851562,142.10023498535156
2022-08-09,66.68640899658203,140.67698669433594
2022-08-10,67.16815185546875,144.51779174804688
2022-08-11,69.478759765625,143.95237731933594
2022-08-12,70.00509643554688,146.81838989257812
2022-08-15,68.64014434814453,147.74449157714844
2022-08-16,68.47956848144531,147.3447723388672
2022-08-17,69.050537109375,146.2919921875
2022-08-18,70.90616607666016,147.05235290527344
2022-08-19,70.88829803466797,144.38131713867188
2022-08-22,70.75446319580078,140.35523986816406
2022-08-23,73.30596160888672,139.98484802246094
2022-08-24,74.20701599121094,140.07260131835938
2022-08-25,74.77796936035156,142.44142150878906
2022-08-26,73.9036865234375,136.3585205078125
2022-08-29,75.01882934570312,134.5550537109375
2022-08-30,72.4762954711914,133.15133666992188
2022-08-31,71.81611633300781,131.8548126220703
2022-09-01,70.04969787597656,131.21142578125
2022-09-02,71.33436584472656,129.50550842285156
2022-09-06,70.6741943359375,128.6476287841797
2022-09-07,69.85345458984375,130.70452880859375
2022-09-08,70.15675354003906,131.15292358398438
2022-09-09,71.90532684326172,133.7459716796875
2022-09-12,73.22566986083984,135.89056396484375
2022-09-13,71.37897491455078,128.67686462402344
2022-09-14,73.39517211914062,129.14479064941406
2022-09-15,71.50386810302734,126.17156982421875
2022-09-16,69.97834014892578,125.46971893310547
2022-09-19,70.01982116699219,126.49286651611328
2022-09-20,69.53282165527344,125.75016021728516
2022-09-21,68.51373291015625,123.78592681884766
2022-09-22,68.27022552490234,122.52530670166016
2022-09-23,63.56255340576172,120.92266082763672
2022-09-26,62.00235366821289,120.08222198486328
2022-09-27,62.69677734375,120.23859405517578
2022-09-28,65.47447967529297,121.50898742675781
2022-09-29,65.47447967529297,118.3427734375
2022-09-30,64.951416015625,116.0755844116211
2022-10-03,68.62194061279297,119.67179870605469
2022-10-04,71.57099914550781,123.68821716308594
2022-10-05,73.050048828125,124.09864807128906
2022-10-06,74.34870147705078,123.08233642578125
2022-10-07,73.77154541015625,118.02027893066406
2022-10-10,72.25642395019531,116.03648376464844
2022-10-11,71.67922973632812,114.25791931152344
2022-10-12,72.25642395019531,113.90614318847656
2022-10-13,75.20545959472656,117.4437026977539
2022-10-14,72.40071105957031,114.14067840576172
2022-10-17,73.30256652832031,117.61961364746094
2022-10-18,73.94287109375,118.61640167236328
2022-10-19,76.12537384033203,118.27437591552734
2022-10-20,76.19752502441406,118.3427734375
2022-10-21,78.39804077148438,121.50898742675781
2022-10-24,78.7677993774414,123.18982696533203
2022-10-25,78.84896850585938,125.54496765136719
2022-10-26,79.92216491699219,122.75008392333984
2022-10-27,80.21077728271484,121.35263061523438
2022-10-28,80.49034118652344,126.62969207763672
2022-10-31,81.1667251586914,124.95862579345703
2022-11-01,81.95133972167969,123.91299438476562
2022-11-02,79.97627258300781,119.6327133178711
2022-11-03,81.4552993774414,116.11466979980469
2022-11-04,82.44733428955078,118.23526763916016
2022-11-07,83.8632583618164,120.20926666259766
2022-11-08,83.94442749023438,121.3624267578125
2022-11-09,79.84099578857422,118.2059555053711
2022-11-10,81.6176528930664,127.9196548461914
2022-11-11,83.98951721191406,130.10862731933594
2022-11-14,83.96246337890625,128.9945831298828
2022-11-15,84.84626770019531,130.5581817626953
2022-11-16,83.11473083496094,128.76983642578125
2022-11-17,83.29508972167969,128.93594360351562
2022-11-18,82.6367416381836,129.08255004882812
2022-11-21,81.5184326171875,127.69486999511719
2022-11-22,84.07068634033203,130.16726684570312
2022-11-23,83.15982055664062,131.3203887939453
2022-11-25,82.85317993164062,130.5581817626953
2022-11-28,80.58050537109375,127.7633056640625
2022-11-29,81.79801177978516,126.5124282836914
2022-11-30,82.203857421875,132.8644561767578
2022-12-01,81.93330383300781,133.05010986328125
2022-12-02,81.44628143310547,132.27809143066406
2022-12-05,79.02932739257812,130.0792999267578
2022-12-06,76.946044921875,127.29418182373047
2022-12-07,76.76567840576172,126.64921569824219
2022-12-08,76.4229736328125,128.72096252441406
2022-12-09,74.5651626586914,127.929443359375
2022-12-12,76.52217864990234,130.72427368164062
2022-12-13,77.97416687011719,132.268310546875
2022-12-14,77.49618530273438,131.15426635742188
2022-12-15,77.02720642089844,126.24856567382812
2022-12-16,76.08027648925781,124.57750701904297
2022-12-19,76.07115936279297,122.91633605957031
2022-12-20,77.21920776367188,123.10254669189453
2022-12-21,78.6861343383789,125.14102172851562
2022-12-22,76.87297821044922,121.98530578613281
2022-12-23,79.32392883300781,122.11270141601562
2022-12-27,80.17129516601562,120.95624542236328
2022-12-28,78.37635040283203,119.0059814453125
2022-12-29,79.19638061523438,122.12251281738281
2022-12-30,79.697509765625,121.95590209960938
2023-01-03,76.90029907226562,120.79944610595703
2023-01-04,76.89119720458984,121.11307525634766
2023-01-05,78.29434967041016,118.76095581054688
2023-01-06,79.77949523925781,122.24011993408203
2023-01-09,79.49706268310547,123.66116333007812
2023-01-10,80.06196594238281,124.42559051513672
2023-01-11,80.30796813964844,126.58165740966797
2023-01-12,81.83867645263672,127.52249908447266
2023-01-13,81.9571304321289,127.88511657714844
2023-01-17,82.13025665283203,128.46334838867188
2023-01-18,80.62686157226562,126.80708312988281
2023-01-19,81.62911987304688,125.32723236083984
2023-01-20,82.44004821777344,128.71815490722656
2023-01-23,82.54937744140625,131.64849853515625
2023-01-24,82.23046112060547,131.5896759033203
2023-01-25,82.23959350585938,131.31524658203125
2023-01-26,84.83634185791016,133.4125213623047
2023-01-27,83.1233901977539,133.97119140625
2023-01-30,81.21910858154297,131.41326904296875
2023-01-31,81.93890380859375,133.24595642089844
2023-02-01,80.3261947631836,136.382080078125
2023-02-02,78.49478912353516,140.106201171875
2023-02-03,78.3216781616211,138.93995666503906
2023-02-06,77.96633911132812,137.24449157714844
2023-02-07,80.49930572509766,140.6746063232422
2023-02-08,79.77949523925781,138.97915649414062
2023-02-09,79.09615325927734,138.21470642089844
2023-02-10,82.19403076171875,137.57772827148438
2023-02-13,81.9844741821289,139.95919799804688
2023-02-14,82.01180267333984,140.55702209472656
2023-02-15,80.61774444580078,141.21363830566406
2023-02-16,79.82506561279297,138.7635498046875
2023-02-17,76.98230743408203,137.0288848876953
2023-02-21,76.59962463378906,133.77516174316406
2023-02-22,76.08939361572266,133.5791473388672
2023-02-23,77.2374267578125,135.7940216064453
2023-02-24,77.13720703125,133.3733367919922
2023-02-27,77.36498260498047,134.08876037597656
2023-02-28,76.2533950805664,133.79478454589844
2023-03-01,77.75675964355469,132.814697265625
2023-03-02,78.44012451171875,134.45138549804688
2023-03-03,79.50615692138672,137.3424835205078
2023-03-06,79.5426025390625,137.9990997314453
2023-03-07,78.15766906738281,136.28404235839844
2023-03-08,77.35587310791016,137.41110229492188
2023-03-09,76.26250457763672,135.4412384033203
2023-03-10,75.2875747680664,133.05970764160156
2023-03-13,73.7568588256836,133.7849578857422
2023-03-14,74.48577117919922,136.8720703125
2023-03-15,70.4858627319336,136.9504852294922
2023-03-16,71.25122833251953,140.79220581054688
2023-03-17,70.13053131103516,140.5962371826172
2023-03-20,71.53451538085938,140.97531127929688
2023-03-21,74.01105499267578,142.11471557617188
2023-03-22,72.43675231933594,140.70033264160156
2023-03-23,71.4332504272461,142.98886108398438
2023-03-24,71.70944213867188,143.36209106445312
2023-03-27,73.23772430419922,142.25222778320312
2023-03-28,74.37010955810547,141.58428955078125
2023-03-29,75.40125274658203,144.55052185058594
2023-03-30,75.73268127441406,146.23013305664062
2023-03-31,76.25746154785156,148.32220458984375
2023-04-03,79.70988464355469,148.0864715576172
2023-04-04,78.26446533203125,147.27125549316406
2023-04-05,79.44290161132812,145.5916748046875
2023-04-06,78.23684692382812,146.41671752929688
2023-04-10,78.86289978027344,146.33816528320312
2023-04-11,79.60860443115234,144.96307373046875
2023-04-12,79.66386413574219,144.13804626464844
2023-04-13,80.1609878540039,146.81942749023438
2023-04-14,80.30831146240234,146.0041961669922
2023-04-17,79.36003875732422,146.5346221923828
2023-04-18,79.67306518554688,146.98641967773438
2023-04-19,79.3968734741211,146.56407165527344
2023-04-20,78.69718170166016,145.6014862060547
2023-04-21,78.23684692382812,145.13006591796875
2023-04-24,79.43368530273438,144.4916229248047
2023-04-25,77.94225311279297,141.4075164794922
2023-04-26,76.90190124511719,143.50942993164062
2023-04-27,77.1781005859375,146.5542449951172
2023-04-28,78.37494659423828,148.14541625976562
2023-05-01,77.49112701416016,148.23379516601562
2023-05-02,74.12153625488281,146.84890747070312
2023-05-03,72.7221450805664,145.611328125
2023-05-04,71.91197967529297,144.91397094726562
2023-05-05,73.86376953125,148.54812622070312
2023-05-08,73.86376953125,148.46954345703125
2023-05-09,73.89139556884766,147.33018493652344
2023-05-10,73.05358123779297,149.12762451171875
2023-05-11,72.17897033691406,148.459716796875
2023-05-12,72.28944396972656,148.26329040527344
2023-05-15,72.65769958496094,149.4910125732422
2023-05-16,70.87165832519531,149.64820861816406
2023-05-17,72.23421478271484,151.6420440673828
2023-05-18,72.75898742675781,154.74581909179688
2023-05-19,73.32057189941406,154.67703247070312
2023-05-22,73.01676177978516,154.9717254638672
2023-05-23,73.79930877685547,152.6831817626953
2023-05-24,74.12153625488281,151.5634765625
2023-05-25,72.80500793457031,157.3781280517578
2023-05-26,72.51961517333984,161.84710693359375
2023-05-30,71.77388000488281,162.71142578125
2023-05-31,70.51258850097656,161.35601806640625
2023-06-01,71.38720703125,162.9962615966797
2023-06-02,73.55995178222656,163.92938232421875
2023-06-05,73.07200622558594,162.98646545410156
2023-06-06,73.66122436523438,162.9471893310547
2023-06-07,75.61298370361328,160.5113067626953
2023-06-08,75.29075622558594,162.2498321533203
2023-06-09,74.87648010253906,163.0552215576172
2023-06-12,74.15837860107422,166.6009521484375
2023-06-13,74.50822448730469,167.61264038085938
2023-06-14,73.74407196044922,169.34132385253906
2023-06-15,74.55425262451172,171.5218048095703
2023-06-16,74.44376373291016,170.107421875
2023-06-20,72.77757263183594,168.95782470703125
2023-06-21,73.35340118408203,166.45779418945312
2023-06-22,72.36891174316406,167.81607055664062
2023-06-23,71.84881591796875,165.99517822265625
2023-06-26,73.1397933959961,164.80426025390625
2023-06-27,73.30696868896484,168.0523223876953
2023-06-28,74.04998016357422,168.15072631835938
2023-06-29,74.90443420410156,168.44601440429688
2023-06-30,75.38739776611328,171.1231689453125
2023-07-03,75.56385803222656,170.75901794433594
2023-07-05,75.14590454101562,169.7058563232422
2023-07-06,73.45556640625,169.25311279296875
2023-07-07,75.03446960449219,168.514892578125
2023-07-10,75.61957550048828,168.95782470703125
2023-07-11,77.28205871582031,169.32200622558594
2023-07-12,77.99720764160156,171.24130249023438
2023-07-13,77.69999694824219,173.4755859375
2023-07-14,75.64742279052734,173.21969604492188
2023-07-17,75.49884796142578,175.43423461914062
2023-07-18,76.26042175292969,177.4224395751953
2023-07-19,76.70622253417969,176.9795379638672
2023-07-20,77.60713195800781,173.446044921875
2023-07-21,78.2944107055664,173.35745239257812
2023-07-24,79.55752563476562,173.66256713867188
2023-07-25,79.97545623779297,175.65078735351562
2023-07-26,80.00331115722656,173.28857421875
2023-07-27,79.49250793457031,172.78659057617188
2023-07-28,79.73397827148438,175.1389617919922
2023-07-31,81.24787139892578,175.54251098632812
2023-08-01,80.8670654296875,175.8377685546875
2023-08-02,79.80828094482422,171.48736572265625
2023-08-03,80.6163101196289,170.78854370117188
2023-08-04,80.7277603149414,168.4656982421875
2023-08-07,80.82062530517578,168.9381103515625
2023-08-08,81.2199935913086,167.638916015625
2023-08-09,82.24161529541016,165.47354125976562
2023-08-10,82.23234558105469,165.4932403564453
2023-08-11,83.4954605102539,164.2727508544922
2023-08-14,83.14253234863281,166.890869140625
2023-08-15,81.41503143310547,165.24713134765625
2023-08-16,80.70918273925781,163.67233276367188
2023-08-17,81.67509460449219,162.1172332763672
2023-08-18,82.48310852050781,162.36331176757812
2023-08-21,81.96300506591797,165.46371459960938
2023-08-22,81.33145141601562,165.2766876220703
2023-08-23,81.12712097167969,168.25900268554688
2023-08-24,80.56986999511719,164.38099670410156
2023-08-25,81.35001373291016,166.05426025390625
2023-08-28,81.89797973632812,167.4125213623047
2023-08-29,82.12089538574219,170.7688446044922
2023-08-30,82.52954864501953,172.0582275390625
2023-08-31,82.58526611328125,172.8948516845703
2023-09-01,84.27561950683594,173.42637634277344
2023-09-05,84.72142028808594,174.04641723632812
2023-09-06,84.7585678100586,172.2058868408203
2023-09-07,84.67497253417969,169.71568298339844
2023-09-08,85.49229431152344,170.07003784179688
2023-09-11,84.36848449707031,170.9558868408203
2023-09-12,86.35604858398438,167.85543823242188
2023-09-13,85.7059097290039,168.2786865234375
2023-09-14,86.7089614868164,169.4991912841797
2023-09-15,85.45514678955078,166.24127197265625
2023-09-18,86.17931365966797,167.04022216796875
2023-09-19,85.37467193603516,166.95143127441406
2023-09-20,84.57940673828125,164.32772827148438
2023-09-21,83.41925048828125,161.8223876953125
2023-09-22,83.55957794189453,162.1676025390625
2023-09-25,84.60746765136719,162.6903839111328
2023-09-26,84.12096405029297,159.7608642578125
2023-09-27,86.21672058105469,160.00747680664062
2023-09-28,86.3102798461914,161.1417694091797
2023-09-29,84.57005310058594,161.69415283203125
2023-10-02,82.88594818115234,163.43014526367188
2023-10-03,82.8298110961914,160.65847778320312
2023-10-04,80.22879791259766,162.66078186035156
2023-10-05,79.73292541503906,162.87779235839844
2023-10-06,80.2100830078125,165.92562866210938
2023-10-09,82.88594818115234,166.78378295898438
2023-10-10,82.9888687133789,167.04022216796875
2023-10-11,81.92227172851562,168.5888214111328
2023-10-12,82.01582336425781,168.74664306640625
2023-10-13,83.82154846191406,166.33004760742188
2023-10-16,84.3829345703125,167.92794799804688
2023-10-17,85.26240539550781,167.1487274169922
2023-10-18,86.03895568847656,165.4324493408203
2023-10-19,85.88925170898438,164.48553466796875
2023-10-20,84.44841766357422,161.70401000976562
2023-10-23,83.08242797851562,161.8914337158203
2023-10-24,81.91291046142578,163.00599670410156
2023-10-25,81.76319885253906,161.08262634277344
2023-10-26,81.12699890136719,158.00514221191406
2023-10-27,79.18090057373047,158.92245483398438
2023-10-30,79.4428939819336,160.62889099121094
2023-10-31,79.7048568725586,161.77305603027344
2023-11-01,79.51773834228516,164.89981079101562
2023-11-02,81.92227172851562,167.69122314453125
2023-11-03,81.09892272949219,169.4173583984375
2023-11-06,80.18203735351562,170.53195190429688
2023-11-07,78.40437316894531,172.3961639404297
2023-11-08,77.42196655273438,173.37269592285156
2023-11-09,77.18806457519531,172.5638427734375
2023-11-10,78.03946685791016,177.071533203125
2023-11-13,78.60084533691406,176.03582763671875
2023-11-14,79.30255126953125,179.55714416503906
2023-11-15,79.15286254882812,179.7840118408203
2023-11-16,77.60908508300781,180.68157958984375
2023-11-17,79.237060546875,180.30679321289062
2023-11-20,79.34933471679688,182.92062377929688
2023-11-21,79.17155456542969,181.44110107421875
2023-11-22,79.13414001464844,182.2499237060547
2023-11-24,79.46160125732422,181.89480590820312
2023-11-27,79.18090057373047,181.88494873046875
2023-11-28,79.19963836669922,182.2301788330078
2023-11-29,78.61019134521484,182.36827087402344
2023-11-30,79.13414001464844,182.63461303710938
2023-12-01,79.54580688476562,183.04885864257812
2023-12-04,79.18090057373047,180.81967163085938
2023-12-05,77.79620361328125,181.90467834472656
2023-12-06,76.63605499267578,180.365966796875
2023-12-07,76.11211395263672,182.5556640625
2023-12-08,76.93546295166016,184.11412048339844
2023-12-11,77.02901458740234,185.72190856933594
2023-12-12,75.97176361083984,186.954833984375
2023-12-13,77.02901458740234,188.60208129882812
2023-12-14,79.29319763183594,188.13848876953125
2023-12-15,78.8721694946289,189.08538818359375
2023-12-18,79.5163803100586,189.65084838867188
2023-12-19,80.47042846679688,190.37246704101562
2023-12-20,79.72418975830078,187.49583435058594
2023-12-21,80.03590393066406,189.60140991210938
2023-12-22,80.27205657958984,189.84857177734375
2023-12-26,80.96162414550781,190.63938903808594
2023-12-27,80.60266876220703,190.62950134277344
2023-12-28,79.37470245361328,190.85684204101562
2023-12-29,79.1952133178711,190.27362060546875
2024-01-02,80.04534912109375,185.29141235351562
2024-01-03,81.34890747070312,183.40328979492188
2024-01-04,79.92256927490234,182.0588836669922
2024-01-05,79.9886703491211,182.0094451904297
2024-01-08,79.0629653930664,186.57647705078125
2024-01-09,77.79721069335938,186.87303161621094
2024-01-10,77.0320816040039,188.46458435058594
2024-01-11,77.23045349121094,189.42347717285156
2024-01-12,78.0994873046875,190.03636169433594
2024-01-16,76.2386245727539,190.5108642578125
2024-01-17,75.6057357788086,189.57174682617188
2024-01-18,75.48294067382812,193.4171600341797
2024-01-19,75.72853088378906,197.87548828125
2024-01-22,76.01191711425781,198.74537658691406
2024-01-23,76.17249298095703,199.54608154296875
2024-01-24,77.2587890625,200.920166015625
2024-01-25,78.9968490600586,201.7604217529297
2024-01-26,79.58250427246094,199.43734741210938
2024-01-29,79.46915435791016,201.2661590576172
2024-01-30,80.29095458984375,199.60540771484375
2024-01-31,78.7890396118164,195.41400146484375
2024-02-01,78.77958679199219,197.87548828125
2024-02-02,78.89292907714844,199.9217529296875
2024-02-05,78.69457244873047,200.37644958496094
2024-02-06,78.94962310791016,199.45713806152344
2024-02-07,79.11019897460938,202.0965118408203
2024-02-08,79.92256927490234,202.7291717529297
2024-02-09,78.69457244873047,205.45753479003906
2024-02-12,79.56361389160156,203.8956756591797
2024-02-13,78.76069641113281,200.43576049804688
2024-02-14,78.68512725830078,202.531494140625
2024-02-15,80.87660217285156,202.10638427734375
2024-02-16,80.8293685913086,200.24795532226562
2024-02-20,80.09259033203125,198.21157836914062
2024-02-21,81.5945053100586,196.96600341796875
2024-02-22,81.7361831665039,203.41127014160156
2024-02-23,81.19776153564453,202.936767578125
2024-02-26,81.48114776611328,203.13449096679688
2024-02-27,81.13164520263672,203.31239318847656
2024-02-28,80.97106170654297,202.35354614257812
2024-02-29,81.36779022216797,204.60740661621094
2024-03-01,82.3124008178711,208.3440704345703
2024-03-04,81.43392181396484,208.3440704345703
2024-03-05,82.0384521484375,203.2234649658203
2024-03-06,82.29350280761719,204.83477783203125
2024-03-07,82.99250793457031,208.06727600097656
2024-03-08,83.28533172607422,204.97315979003906
2024-03-11,84.14491271972656,204.40968322753906
2024-03-12,84.01268005371094,208.60110473632812
2024-03-13,85.35401153564453,206.34722900390625
2024-03-14,86.23248291015625,206.3867645263672
2024-03-15,86.48751831054688,203.27288818359375
2024-03-18,86.78651428222656,204.27195739746094
2024-03-19,87.77684020996094,205.33145141601562
2024-03-20,87.65306091308594,207.6286163330078
2024-03-21,88.1767807006836,207.77716064453125
2024-03-22,87.98633575439453,207.8464813232422
2024-03-25,88.80525970458984,206.47015380859375
2024-03-26,88.11964416503906,205.61859130859375
2024-03-27,88.93856048583984,206.6681671142578
2024-03-28,89.90032958984375,206.22259521484375
2024-04-01,90.56688690185547,206.79690551757812
2024-04-02,91.83336639404297,204.806640625
2024-04-03,92.46183776855469,205.35125732421875
2024-04-04,92.40470886230469,202.10350036621094
2024-04-05,93.39503479003906,204.4204864501953
2024-04-08,92.80464172363281,204.18284606933594
2024-04-09,92.83320617675781,205.21263122558594
2024-04-10,93.1188735961914,202.6976318359375
2024-04-11,93.0522232055664,206.7473907470703
2024-04-12,91.53816223144531,203.40060424804688
2024-04-15,90.68115234375,199.53895568847656
2024-04-16,89.89080810546875,199.77658081054688
2024-04-17,89.63369750976562,196.89520263671875
2024-04-18,89.35755920410156,194.64752197265625
2024-04-19,90.43357849121094,190.6373291015625
2024-04-22,91.02395629882812,192.34042358398438
2024-04-23,91.52864837646484,195.19212341308594
2024-04-24,91.59530639648438,196.083251953125
2024-04-25,92.01427459716797,195.6575164794922
2024-04-26,91.16679382324219,197.86558532714844
2024-04-29,91.78575134277344,198.7171173095703
2024-04-30,89.05284881591797,194.34056091308594
2024-05-01,87.63400268554688,192.350341796875
2024-05-02,88.1386947631836,195.122802734375
2024-05-03,88.14822387695312,200.55882263183594
2024-05-06,88.84335327148438,202.9154052734375
2024-05-07,88.75764465332031,202.2519989013672
2024-05-08,88.65290832519531,202.82632446289062
2024-05-09,89.84318542480469,202.76687622070312
2024-05-10,89.34803009033203,203.51942443847656
2024-05-13,89.10997009277344,204.47988891601562
2024-05-14,89.22422790527344,206.29190063476562
2024-05-15,89.42420959472656,210.93580627441406
2024-05-16,89.17662811279297,210.2030792236328
2024-05-17,90.42404174804688,209.7377166748047
2024-05-20,89.83366394042969,212.20323181152344
2024-05-21,89.39564514160156,212.5498046875
2024-05-22,87.68162536621094,213.02505493164062
2024-05-23,86.88175201416016,211.29225158691406
2024-05-24,87.00554656982422,213.07456970214844
2024-05-28,87.900634765625,213.97564697265625
2024-05-29,86.34850311279297,212.61911010742188
2024-05-30,86.5960693359375,207.76724243164062
2024-05-31,88.74813079833984,208.09402465820312
2024-06-03,86.42467498779297,208.61880493164062
2024-06-04,85.59622955322266,209.0544891357422
2024-06-05,85.58671569824219,213.6983642578125
2024-06-06,86.03425598144531,212.9854736328125
2024-06-07,85.69145202636719,213.48056030273438
2024-06-10,86.33897399902344,214.02513122558594
2024-06-11,86.16757202148438,218.005615234375
2024-06-12,85.24391174316406,222.82772827148438
2024-06-13,84.46307373046875,224.59024047851562
2024-06-14,83.83460235595703,225.431884765625
2024-06-17,84.0536117553711,228.84796142578125
2024-06-18,84.40595245361328,229.13511657714844
2024-06-20,85.95808410644531,226.56068420410156
2024-06-21,85.46292877197266,226.16461181640625
2024-06-24,87.61785125732422,220.61984252929688
2024-06-25,87.81941986083984,224.6668243408203
2024-06-26,86.95552825927734,224.40895080566406
2024-06-27,87.15711212158203,224.51806640625
2024-06-28,87.4930648803711,224.39901733398438
2024-07-01,87.54106140136719,226.09518432617188
2024-07-02,87.47386932373047,227.2259521484375
2024-07-03,87.85781860351562,230.2909393310547
2024-07-05,86.48518371582031,230.99520874023438
2024-07-08,85.95726013183594,232.5723419189453
2024-07-09,85.1989517211914,232.3838653564453
2024-07-10,85.7748794555664,235.75634765625
2024-07-11,86.66757202148438,229.85450744628906
2024-07-12,86.88833618164062,231.90774536132812
2024-07-15,88.20337677001953,232.32435607910156
2024-07-16,88.59693145751953,231.55064392089844
2024-07-17,89.48001861572266,222.54415893554688
2024-07-18,89.64319610595703,222.56399536132812
2024-07-19,88.66411590576172,219.0823974609375
2024-07-22,88.10739135742188,224.2700653076172
2024-07-23,86.70597076416016,223.37734985351562
2024-07-24,86.71556854248047,214.13279724121094
2024-07-25,88.21298217773438,211.84149169921875
2024-07-26,88.49134063720703,214.52952575683594
2024-07-29,87.73303985595703,213.57733154296875
2024-07-30,89.0960693359375,208.2111053466797
2024-07-31,89.47042083740234,217.02915954589844
2024-08-01,87.0995101928711,208.93519592285156
2024-08-02,84.8533935546875,203.0631103515625
2024-08-05,82.98162841796875,196.2982940673828
2024-08-06,83.49037170410156,198.966552734375
2024-08-07,83.82632446289062,195.7428436279297
2024-08-08,85.63090515136719,203.05320739746094
2024-08-09,85.8228759765625,203.96575927734375
2024-08-12,86.24522399902344,205.6321563720703
2024-08-13,85.4101333618164,211.95057678222656
2024-08-14,85.90926361083984,213.11114501953125
2024-08-15,86.93634033203125,219.24110412597656
2024-08-16,86.8403549194336,219.6081085205078
2024-08-19,87.4258804321289,223.22857666015625
2024-08-20,85.12216186523438,222.44496154785156
2024-08-21,85.26615142822266,223.75428771972656
2024-08-22,85.4869155883789,218.6062774658203
2024-08-23,86.76356506347656,222.1473846435547
2024-08-26,87.54106140136719,219.36013793945312
2024-08-27,86.72515869140625,220.68930053710938
2024-08-28,86.1684341430664,217.64413452148438
2024-08-29,87.2914810180664,215.68017578125
2024-08-30,87.61785125732422,218.54676818847656
2024-09-03,85.43892669677734,208.50869750976562
2024-09-04,84.25827026367188,207.97305297851562
2024-09-05,83.60555267333984,207.65562438964844
2024-09-06,82.55928039550781,202.26959228515625
2024-09-09,83.1543960571289,205.58251953125
2024-09-10,81.72418975830078,208.65745544433594
2024-09-11,80.96588134765625,215.7793426513672
2024-09-12,81.69539642333984,217.5647735595703
2024-09-13,82.1561279296875,218.65589904785156
2024-09-16,83.0968246459961,217.8226776123047
2024-09-17,84.2198715209961,217.39613342285156
2024-09-18,84.383056640625,215.41232299804688
2024-09-19,85.39093017578125,221.8101348876953
2024-09-20,85.1989517211914,220.7289581298828
2024-09-23,86.25096130371094,220.68821716308594
2024-09-24,86.03804016113281,222.19863891601562
2024-09-25,84.35405731201172,222.8345947265625
2024-09-26,82.69910430908203,225.78585815429688
2024-09-27,84.38309478759766,223.67922973632812
2024-09-30,84.97345733642578,224.3350372314453
2024-10-01,86.9090805053711,218.86976623535156
2024-10-02,87.79945373535156,220.48948669433594
2024-10-03,89.34793853759766,221.40367126464844
2024-10-04,90.18025207519531,223.8679962158203
2024-10-07,90.4996337890625,222.32781982421875
2024-10-08,88.13818359375,226.48143005371094
2024-10-09,88.67047882080078,229.01531982421875
2024-10-10,89.27052307128906,228.95571899414062
2024-10-11,89.82215881347656,229.35316467285156
2024-10-14,89.78345489501953,232.3441925048828
2024-10-15,86.88970947265625,227.23663330078125
2024-10-16,87.30587005615234,227.94215393066406
2024-10-17,87.72203063964844,228.63771057128906
2024-10-18,87.43168640136719,229.45257568359375
2024-10-21,87.17037200927734,230.5257568359375
2024-10-22,87.37361145019531,230.28724670410156
2024-10-23,86.91874694824219,226.9882049560547
2024-10-24,86.9090805053711,227.65399169921875
2024-10-25,86.88003540039062,228.8364715576172
2024-10-28,86.32837677001953,228.7668914794922
2024-10-29,85.01216125488281,231.84735107421875
2024-10-30,85.20573425292969,228.16075134277344
2024-10-31,85.73802185058594,220.83729553222656
2024-11-01,85.196044921875,222.49673461914062
2024-11-04,86.68647003173828,222.32781982421875
2024-11-05,87.26715850830078,225.4579315185547
2024-11-06,90.54801940917969,231.87716674804688
2024-11-07,90.1318588256836,235.9214630126953
2024-11-08,90.73190307617188,235.66311645507812
2024-11-11,91.24484252929688,234.36138916015625
2024-11-12,90.76094055175781,234.65948486328125
2024-11-13,91.46743774414062,233.8446502685547
2024-11-14,91.81585693359375,233.04969787597656
2024-11-15,91.68036651611328,227.26646423339844
2024-11-18,92.89978790283203,228.0017852783203
2024-11-19,92.3094253540039,229.86990356445312
2024-11-20,93.23851776123047,229.67117309570312
2024-11-21,93.99342346191406,232.00634765625
2024-11-22,94.13858032226562,232.12559509277344
2024-11-25,92.28038787841797,232.1156463623047
2024-11-26,92.15459442138672,233.2782440185547
2024-11-27,92.05780029296875,230.11831665039062
2024-11-29,92.45460510253906,232.2547607421875
2024-12-02,91.47711944580078,234.4607391357422
2024-12-03,91.46743774414062,235.3053741455078
2024-12-04,89.26084899902344,239.60804748535156
2024-12-05,89.60924530029297,238.395751953125
2024-12-06,88.08979034423828,239.3198699951172
2024-12-09,87.94462585449219,237.7598114013672
2024-12-10,87.3445816040039,234.4607391357422
2024-12-11,87.48975372314453,237.85914611816406
2024-12-12,86.78325653076172,236.52761840820312
2024-12-13,86.34774017333984,237.5411834716797
2024-12-16,84.45085144042969,239.91607666015625
2024-12-17,83.8217544555664,238.46530151367188
2024-12-18,81.34418487548828,230.774169921875
2024-12-19,80.63768005371094,231.0225830078125
2024-12-20,81.43128204345703,234.47068786621094
2024-12-23,81.90949249267578,236.95498657226562
2024-12-24,82.6023941040039,239.40347290039062
2024-12-26,82.5340805053711,239.56271362304688
2024-12-27,82.5243148803711,236.37770080566406
2024-12-30,82.51456451416016,233.37185668945312
